{"package_idx": "82775", "seller_no": "3276192", "seller_id": "oldstore1567", "title": "창고 페이몬콘", "category": "C", "path": "/home/dcinside/dccon_img/01/633/oldstore1567/2020/10/icon_82775", "description": "낡은창고 페이몬콘! 드디어 출시!", "price": "0", "period": "365", "icon_cnt": "23", "state": "S", "open": "Y", "sale_count": "12208", "reg_date": "2020-10-13 21:55:51", "seller_name": "oldstore", "code": "A08", "seller_type": "P", "mandoo": "0", "main_img_path": "62b5df2be09d3ca567b1c5bc12d46b394aa3b1058c6e4d0ca41648b65fe8266eadc328cfdea5b74810026b505984e855679061830d4d06195f505736f60e04f0bb3b82f1524a995f19c5153b", "list_img_path": "62b5df2be09d3ca567b1c5bc12d46b394aa3b1058c6e4d0ca41648b65fe8266eadc328cfdea5b74810026b505984e855679061830d4d06195f505736f60e04f0ba3398eb524a995f19df0b3b", "reg_date_short": "2020.10.13", "residual": false, "register": false}