{"package_idx": "5184", "seller_no": "476432", "seller_id": "kc2002kc", "title": "롤러코스터타이쿤1", "category": "C", "path": "/home/dcinside/dccon_img/01/91/kc2002kc/2016/01/icon_5184", "description": "롤러코스터타이쿤 손님표정", "price": "0", "period": "365", "icon_cnt": "10", "state": "S", "open": "Y", "sale_count": "540", "reg_date": "2016-01-17 17:23:20", "seller_name": "펀즈", "code": "A08", "seller_type": "P", "mandoo": "0", "main_img_path": "62b5df2be09d3ca567b1c5bc12d46b394aa3b1058c6e4d0ca41648b650ea3a2ad50a38780eafb6ca98a79b4816630d3494e9a6e27b571019a5e14497fb101690ae83d97a119b", "list_img_path": "62b5df2be09d3ca567b1c5bc12d46b394aa3b1058c6e4d0ca41648b650ea3a2ad50a38780eafb6ca98a79b4816630d3494e9a6e27b571019a5e1459fe10a1690a8a67d522e97", "reg_date_short": "2016.01.17", "residual": false, "register": false}