{"package_idx": "84752", "seller_no": "2068144", "seller_id": "lelo123", "title": "신비한 페이몬2nd", "category": "C", "path": "/home/dcinside/dccon_img/01/392/lelo123/2020/12/icon_84752", "description": "비상식량은 페이몬의 꿈을 꾸는가?", "price": "0", "period": "365", "icon_cnt": "29", "state": "S", "open": "Y", "sale_count": "1071", "reg_date": "2020-12-06 18:18:24", "seller_name": "알파리전", "code": "A08", "seller_type": "P", "mandoo": "0", "main_img_path": "62b5df2be09d3ca567b1c5bc12d46b394aa3b1058c6e4d0ca41648b65ae2276edf4bca150240c2760761593223e765143ee7b5588213461614de80032a3e1f515560b50cde1989", "list_img_path": "62b5df2be09d3ca567b1c5bc12d46b394aa3b1058c6e4d0ca41648b65ae2276edf4bca150240c2760761593223e765143ee7b5588213461614de800222240551edc406c31ac2e1", "reg_date_short": "2020.12.06", "residual": false, "register": false}