{"package_idx": "80993", "seller_no": "2742272", "seller_id": "path05", "title": "따봉하는 고양이", "category": "R", "path": "/home/dcinside/dccon_img/01/527/path05/2020/09/icon_80993", "description": "따봉하는 고양이로 여러가지 기분을 표현해 보세요.", "price": "0", "period": "365", "icon_cnt": "10", "state": "S", "open": "Y", "sale_count": "201", "reg_date": "2020-09-10 15:06:55", "seller_name": "pathos_", "code": "A08", "seller_type": "P", "mandoo": "0", "main_img_path": "62b5df2be09d3ca567b1c5bc12d46b394aa3b1058c6e4d0ca41648b65ce9226ea45acf628970f162f7b69a529669c0893b1fc298550027e08f3b41cbc4e69bc0f1507ce8ddf2", "list_img_path": "62b5df2be09d3ca567b1c5bc12d46b394aa3b1058c6e4d0ca41648b65ce9226ea45acf628970f162f7b69a529669c0893b1fc298550027e08f3b40c3defc9bc0cc7bca1c9756", "reg_date_short": "2020.09.10", "residual": false, "register": false}