{"package_idx": "89169", "seller_no": "3276192", "seller_id": "oldstore1567", "title": "창고 페이몬콘dlc", "category": "C", "path": "/home/dcinside/dccon_img/01/633/oldstore1567/2021/03/icon_89169", "description": "창고 페이몬콘 dlc!!! \r\n그냥 페이몬콘이랑 같이써주세요", "price": "0", "period": "365", "icon_cnt": "44", "state": "S", "open": "Y", "sale_count": "6862", "reg_date": "2021-03-18 17:05:05", "seller_name": "oldstore", "code": "A08", "seller_type": "P", "mandoo": "0", "main_img_path": "62b5df2be09d3ca567b1c5bc12d46b394aa3b1058c6e4d0ca41648b65fe8266eadc328cfdea5b74810026b505984e855669060800d4d06195f50573df00f08f0befed84365e30654959e6f8a", "list_img_path": "62b5df2be09d3ca567b1c5bc12d46b394aa3b1058c6e4d0ca41648b65fe8266eadc328cfdea5b74810026b505984e855669060800d4d06195f50573df00f08f0bff6c25965e306549584718a", "reg_date_short": "2021.03.18", "residual": false, "register": false}