{"package_idx": "81879", "seller_no": "2068144", "seller_id": "lelo123", "title": "신비한 페이몬", "category": "C", "path": "/home/dcinside/dccon_img/01/392/lelo123/2020/09/icon_81879", "description": "우리 모두 비상식량을 좋아해", "price": "0", "period": "365", "icon_cnt": "50", "state": "S", "open": "Y", "sale_count": "3276", "reg_date": "2020-09-22 23:00:55", "seller_name": "알파리전", "code": "A08", "seller_type": "P", "mandoo": "0", "main_img_path": "62b5df2be09d3ca567b1c5bc12d46b394aa3b1058c6e4d0ca41648b65ae2276edf4bca150240c2760761593223e66e14b4a93c00b6f33ed6494f285e352b6fc07b1087f5f56ad2", "list_img_path": "62b5df2be09d3ca567b1c5bc12d46b394aa3b1058c6e4d0ca41648b65ae2276edf4bca150240c2760761593223e66e14b4a93c00b6f33ed6494f285f3d3175c0857e56e6bb6fa5", "reg_date_short": "2020.09.22", "residual": false, "register": false}